Name,Age,Email,Company,Interests,Company Url
John Doe,32,johndoe@example.com,ABC Corporation,Technology,http://www.abccorp.com
Jane Smith,45,janesmith@example.com,XYZ Enterprises,Sports,http://www.xyzent.com
Alex Johnson,28,alexjohnson@example.com,123 Industries,Music,http://www.123industries.net
Sarah Brown,37,sarahbrown@example.com,Global Solutions,Travel,http://www.globalsol.com
Mike Ross,50,mikeross@example.com,Peak Performance,Books,http://www.peakperf.com
Emily White,29,emilywhite@example.com,Innovate Inc.,Art,http://www.innovateinc.biz
David Lee,42,davidlee@example.com,Alpha Innovations,Food,http://www.alphainnov.com
Samantha Jones,35,samanthajones@example.com,New Horizons Group,Movies,http://www.newhorizonsgrp.org
Ryan Wilson,31,ryanwilson@example.com,NextGen Technologies,Gaming,http://www.nextgen.tech
Lisa Smith,39,lisasmith@example.com,Starlight Enterprises,Health,http://www.starlightent.com
Alice,25,alice.smith@email.com,Technovation Inc.,Technology, https://technovationchallenge.org/
Bob,32,bob.johnson@email.com,Green Earth Solutions,Sustainability, https://www.facebook.com/geslawnandpest/
Charlie,41,charlie.lee@email.com,FinTech Solutions,Finance, http://www.fintechsolution.com/
Diana,28,diana.williams@email.com,Creative Minds,Art & Design, http://creativeminds.com/
Ethan,35,ethan.miller@email.com,Global Health Initiative,Healthcare, https://www.emro.who.int/health-topics/global-health-initiative/index.html
Fiona,22,fiona.brown@email.com,Evolve Robotics,Robotics, https://www.evolverobotix.com/
Gabriel,45,gabriel.jones@email.com,Eco-Friendly Solutions,Environmentalism, https://www.ecofriendlysolutions.bz/
Hannah,30,hannah.davis@email.com,Adventure Travel Co.,Travel, https://www.adventuretravelcambodia.com/
Isabella,27,isabella.garcia@email.com,Educational Resources,Education, https://educationalresource.org/
Jacob,38,jacob.hernandez@email.com,Starlight Media,Media & Entertainment, http://www.starlightmedia.com/
John Doe,32,johndoe@example.com,ABC Corporation,Technology,http://www.abccorp.com
Jane Smith,45,janesmith@example.com,XYZ Enterprises,Sports,http://www.xyzent.com
Alex Johnson,28,alexjohnson@example.com,123 Industries,Music,http://www.123industries.net
Sarah Brown,37,sarahbrown@example.com,Global Solutions,Travel,http://www.globalsol.com
Mike Ross,50,mikeross@example.com,Peak Performance,Books,http://www.peakperf.com
Emily White,29,emilywhite@example.com,Innovate Inc.,Art,http://www.innovateinc.biz
David Lee,42,davidlee@example.com,Alpha Innovations,Food,http://www.alphainnov.com
Samantha Jones,35,samanthajones@example.com,New Horizons Group,Movies,http://www.newhorizonsgrp.org
Ryan Wilson,31,ryanwilson@example.com,NextGen Technologies,Gaming,http://www.nextgen.tech
Lisa Smith,39,lisasmith@example.com,Starlight Enterprises,Health,http://www.starlightent.com
Alice Johnson,27,alicejohnson@example.com,Bright Solutions,Dancing,http://www.brightsolutions.net
Michael Brown,48,michaelbrown@example.com,Dynamic Systems,Photography,http://www.dynamicsys.com
Jessica Adams,33,jessicaadams@example.com,Global Innovations,Writing,http://www.globalinnov.com
Kevin Anderson,36,kevinanderson@example.com,Swift Enterprises,Hiking,http://www.swiftent.biz
Rachel Miller,40,rachelmiller@example.com,Optimum Solutions,Yoga,http://www.optimumsol.com
Matthew Wilson,34,matthewwilson@example.com,Future Tech,Science,http://www.futuretech.org
Lauren Taylor,26,laurentaylor@example.com,Innovative Designs,Painting,http://www.innovativedesigns.com
Jason Carter,43,jasoncarter@example.com,Advanced Solutions,Cooking,http://www.advancedsol.net
Stephanie Roberts,30,stephanieroberts@example.com,Global Ventures,Reading,http://www.globalventures.com
John Doe,32,johndoe@example.com,ABC Corporation,Technology,http://www.abccorp.com
Jane Smith,45,janesmith@example.com,XYZ Enterprises,Sports,http://www.xyzent.com
Alex Johnson,28,alexjohnson@example.com,123 Industries,Music,http://www.123industries.net
Sarah Brown,37,sarahbrown@example.com,Global Solutions,Travel,http://www.globalsol.com
Mike Ross,50,mikeross@example.com,Peak Performance,Books,http://www.peakperf.com
Emily White,29,emilywhite@example.com,Innovate Inc.,Art,http://www.innovateinc.biz
David Lee,42,davidlee@example.com,Alpha Innovations,Food,http://www.alphainnov.com
Samantha Jones,35,samanthajones@example.com,New Horizons Group,Movies,http://www.newhorizonsgrp.org
Ryan Wilson,31,ryanwilson@example.com,NextGen Technologies,Gaming,http://www.nextgen.tech
Lisa Smith,39,lisasmith@example.com,Starlight Enterprises,Health,http://www.starlightent.com
Alice Johnson,27,alicejohnson@example.com,Bright Solutions,Dancing,http://www.brightsolutions.net
Michael Brown,48,michaelbrown@example.com,Dynamic Systems,Photography,http://www.dynamicsys.com
Jessica Adams,33,jessicaadams@example.com,Global Innovations,Writing,http://www.globalinnov.com
Kevin Anderson,36,kevinanderson@example.com,Swift Enterprises,Hiking,http://www.swiftent.biz
Rachel Miller,40,rachelmiller@example.com,Optimum Solutions,Yoga,http://www.optimumsol.com
Matthew Wilson,34,matthewwilson@example.com,Future Tech,Science,http://www.futuretech.org
Lauren Taylor,26,laurentaylor@example.com,Innovative Designs,Painting,http://www.innovativedesigns.com
Jason Carter,43,jasoncarter@example.com,Advanced Solutions,Cooking,http://www.advancedsol.net
Stephanie Roberts,30,stephanieroberts@example.com,Global Ventures,Reading,http://www.globalventures.com
Sophia Martinez,38,sophiamartinez@example.com,Smart Industries,Fitness,http://www.smartindustries.com
Daniel Clark,44,danielclark@example.com,Elite Solutions,Programming,http://www.elitesol.net
Olivia Brown,25,oliviabrown@example.com,Dynamic Innovations,Swimming,http://www.dynamicinnov.com
Justin Walker,29,justinwalker@example.com,Innovative Ventures,Skiing,http://www.innovativeventures.biz
Hannah Evans,31,hannahevans@example.com,Global Tech,Travelling,http://www.globaltech.org
Brandon Harris,35,brandonharris@example.com,Swift Innovations,Playing Guitar,http://www.swiftinnovations.net
Ella Green,47,ellagreen@example.com,Peak Innovations,Photography,http://www.peakinnov.com
Nathan King,30,nathanking@example.com,Dynamic Enterprises,Reading,http://www.dynamicent.com
Sophie Adams,26,sophieadams@example.com,Innovative Solutions,Writing,http://www.innovativesol.net
Grace Johnson,41,gracejohnson@example.com,Alpha Solutions,Yoga,http://www.alphasol.com
William Turner,28,williamturner@example.com,Future Enterprises,Hiking,http://www.futureent.biz
Amelia Martinez,33,ameliacmartinez@example.com,Dynamic Innovations,Dancing,http://www.dynamicinnovations.net
Jack Wilson,39,jackwilson@example.com,Optimum Tech,Sports,http://www.optimumtech.org
Eva Parker,36,evaparker@example.com,Global Enterprises,Music,http://www.globalent.com
Andrew Young,29,andrewyoung@example.com,Bright Solutions,Art,http://www.brightsolutions.org
Lucy Cooper,43,lucycooper@example.com,Swift Systems,Food,http://www.swiftsys.net
John Smith,35,john.smith@example.com,AlphaTech,Technology,http://www.alphatech.com
Emily Johnson,28,emily.johnson@example.com,BetaCorp,Art,http://www.betacorp.com
Michael Davis,42,michael.davis@example.com,Gamma Innovations,Music,http://www.gammainnovations.com
Jessica Wilson,31,jessica.wilson@example.com,Delta Solutions,Reading,http://www.deltasolutions.com
Daniel Brown,39,daniel.brown@example.com,Epsilon Enterprises,Travel,http://www.epsilonent.com
Sarah Miller,26,sarah.miller@example.com,Zeta Industries,Sports,http://www.zetaindustries.com
Matthew Taylor,47,matthew.taylor@example.com,Eta Technologies,Food,http://www.etatech.com
Amanda Martinez,33,amanda.martinez@example.com,Theta Ventures,Gaming,http://www.thetaventures.com
Alexandra Lee,30,alexandra.lee@example.com,Iota Innovate,Health,http://www.iotainnovate.com
Christopher White,36,christopher.white@example.com,Kappa Solutions,Movies,http://www.kappasol.com
John Smith,35,john.smith@example.com,AlphaTech,Technology,http://www.alphatech.com
Emily Johnson,28,emily.johnson@example.com,BetaCorp,Art,http://www.betacorp.com
Michael Davis,42,michael.davis@example.com,Gamma Innovations,Music,http://www.gammainnovations.com
Jessica Wilson,31,jessica.wilson@example.com,Delta Solutions,Reading,http://www.deltasolutions.com
Daniel Brown,39,daniel.brown@example.com,Epsilon Enterprises,Travel,http://www.epsilonent.com
Sarah Miller,26,sarah.miller@example.com,Zeta Industries,Sports,http://www.zetaindustries.com
Matthew Taylor,47,matthew.taylor@example.com,Eta Technologies,Food,http://www.etatech.com
Amanda Martinez,33,amanda.martinez@example.com,Theta Ventures,Gaming,http://www.thetaventures.com
Alexandra Lee,30,alexandra.lee@example.com,Iota Innovate,Health,http://www.iotainnovate.com
Christopher White,36,christopher.white@example.com,Kappa Solutions,Movies,http://www.kappasol.com
Olivia Anderson,29,olivia.anderson@example.com,Lambda Systems,Photography,http://www.lambdasys.net
Benjamin Garcia,45,benjamin.garcia@example.com,MuTech,Music,http://www.mutech.biz
Sophia Moore,32,sophia.moore@example.com,Nu Innovations,Travel,http://www.nuinnovations.org
Ethan Johnson,40,ethan.johnson@example.com,Xi Enterprises,Sports,http://www.xient.com
Isabella Lopez,27,isabella.lopez@example.com,Omicron Innovate,Reading,http://www.omicroninnovate.com
David Robinson,34,david.robinson@example.com,PiTech,Gaming,http://www.pitech.org
William Thompson,38,william.thompson@example.com,Rho Innovations,Technology,http://www.rhoinnovations.com
Charlotte Harris,41,charlotte.harris@example.com,Sigma Enterprises,Art,http://www.sigmaent.biz
Joseph Martinez,29,joseph.martinez@example.com,Tau Tech,Music,http://www.tautech.net
Madison Hall,33,madison.hall@example.com,Upsilon Solutions,Reading,http://www.upsilonsol.com
Jacob Garcia,44,jacob.garcia@example.com,Phi Technologies,Travel,http://www.phitech.org
Sophia Clark,36,sophia.clark@example.com,Chi Innovations,Sports,http://www.chiinnovations.com
Emma Baker,25,emma.baker@example.com,Psi Solutions,Food,http://www.psisol.com
Alexander Taylor,37,alexander.taylor@example.com,Omega Enterprises,Gaming,http://www.omegaent.biz
Grace Wright,31,grace.wright@example.com,Alpha Innovations,Music,http://www.alphainnov.biz
Henry Brown,48,henry.brown@example.com,Beta Systems,Art,http://www.betasys.com
Abigail Lewis,30,abigail.lewis@example.com,Gamma Tech,Travel,http://www.gammatech.org
Ryan Cooper,43,ryan.cooper@example.com,Delta Dynamics,Reading,http://www.delta.com
Natalie King,26,natalie.king@example.com,Epsilon Innovate,Sports,http://www.epsiloninnov.com
William Adams,34,william.adams@example.com,Zeta Solutions,Food,http://www.zetasol.com
Mark Thompson,34,mark.thompson@example.com,ABC Enterprises,Camping,http://www.abcenterprises.com
Jennifer Garcia,31,jennifer.garcia@example.com,XYZ Corporation,Running,http://www.xyzcorp.com
Daniel Rodriguez,39,daniel.rodriguez@example.com,123 Industries,Paintball,http://www.123industries.com
Rachel White,27,rachel.white@example.com,456 Co.,Yoga,http://www.456co.com
Kevin Scott,36,kevin.scott@example.com,789 Group,Reading,http://www.789group.com
Michelle Hall,40,michelle.hall@example.com,Acme Enterprises,Traveling,http://www.acmeenterprises.com
Brandon Carter,26,brandon.carter@example.com,Smith Inc.,Cooking,http://www.smithinc.com
Stephanie Adams,32,stephanie.adams@example.com,Miller Corporation,Hiking,http://www.millercorp.com
Andrew Martinez,35,andrew.martinez@example.com,Jones Co.,Fishing,http://www.jonesco.com
Melissa Wright,29,melissa.wright@example.com,Johnson Enterprises,Drawing,http://www.johnsonenterprises.com
Justin Evans,33,justin.evans@example.com,ABC Ltd.,Photography,http://www.abcltd.com
Samantha Turner,28,samantha.turner@example.com,XYZ Co.,Skiing,http://www.xyzco.com
Matthew Harris,41,matthew.harris@example.com,123 Enterprises,Playing guitar,http://www.123enterprises.com
Lauren Martinez,30,lauren.martinez@example.com,456 Group,Dancing,http://www.456group.com
Adam Baker,37,adam.baker@example.com,789 Corporation,Swimming,http://www.789corp.com
Ashley Green,25,ashley.green@example.com,Acme Industries,Writing,http://www.acmeindustries.com
Nicholas Hill,44,nicholas.hill@example.com,Smith Co.,Singing,http://www.smithco.com
Rebecca Young,31,rebecca.young@example.com,Miller Enterprises,Watching movies,http://www.millerenterprises.com
Tyler Rivera,36,tyler.rivera@example.com,Jones Corporation,Playing video games,http://www.jonescorp.com
Katherine Allen,29,katherine.allen@example.com,Johnson Group,Painting,http://www.johnsongroup.com
Jason Wright,38,jason.wright@example.com,ABC Inc.,Travelling,http://www.abcinc.com
Kimberly Lee,27,kimberly.lee@example.com,XYZ Ltd.,Reading,http://www.xyzltd.com
Eric Perez,40,eric.perez@example.com,123 Co.,Running,http://www.123co.com
Christina King,32,christina.king@example.com,456 Enterprises,Knitting,http://www.456enterprises.com
Patrick Campbell,35,patrick.campbell@example.com,789 Inc.,Cycling,http://www.789inc.com
Jessica Cook,26,jessica.cook@example.com,Acme Corp.,Hiking,http://www.acmecorp.com
Joshua Bailey,43,joshua.bailey@example.com,Smith & Sons,Photography,http://www.smithandsons.com
Alyssa Howard,31,alyssa.howard@example.com,Miller Co.,Fishing,http://www.millerco.com
Benjamin Ward,38,benjamin.ward@example.com,Jones Enterprises,Writing,http://www.jonesenterprises.com
Emma Nelson,29,emma.nelson@example.com,Johnson Inc.,Skiing,http://www.johnsoninc.com
Olivia Perez,27,olivia.perez@example.com,ABC Enterprises,Playing soccer,http://www.abcenterprises.com
Nathan Turner,33,nathan.turner@example.com,XYZ Corporation,Reading,http://www.xyzcorp.com
Isabella Hall,29,isabella.hall@example.com,123 Industries,Painting,http://www.123industries.com
Ethan Hernandez,35,ethan.hernandez@example.com,456 Co.,Hiking,http://www.456co.com
Madison Baker,31,madison.baker@example.com,789 Group,Cooking,http://www.789group.com
Alexander Green,38,alexander.green@example.com,Acme Enterprises,Photography,http://www.acmeenterprises.com
Sophia Hill,26,sophia.hill@example.com,Smith Inc.,Traveling,http://www.smithinc.com
William Young,42,william.young@example.com,Miller Corporation,Fishing,http://www.millercorp.com
Ava Rivera,30,ava.rivera@example.com,Jones Co.,Camping,http://www.jonesco.com
James Allen,34,james.allen@example.com,Johnson Enterprises,Playing guitar,http://www.johnsonenterprises.com
Grace Wright,28,grace.wright@example.com,ABC Ltd.,Drawing,http://www.abcltd.com
Logan Lee,36,logan.lee@example.com,XYZ Co.,Watching movies,http://www.xyzco.com
Hannah Perez,32,hannah.perez@example.com,123 Enterprises,Singing,http://www.123enterprises.com
Daniel Turner,39,daniel.turner@example.com,456 Group,Playing video games,http://www.456group.com
Liam Harris,25,liam.harris@example.com,789 Corporation,Knitting,http://www.789corp.com
Chloe Green,43,chloe.green@example.com,Acme Industries,Swimming,http://www.acmeindustries.com
Mia Hill,31,mia.hill@example.com,Smith Co.,Running,http://www.smithco.com
Jackson Young,37,jackson.young@example.com,Miller Enterprises,Travelling,http://www.millerenterprises.com
Sophia Rivera,29,sophia.rivera@example.com,Jones Corporation,Dancing,http://www.jonescorp.com
Noah Allen,38,noah.allen@example.com,Johnson Group,Cycling,http://www.johnsongroup.com
Aiden Wright,27,aiden.wright@example.com,ABC Inc.,Reading,http://www.abcinc.com
Ella Lee,33,ella.lee@example.com,XYZ Ltd.,Cooking,http://www.xyzltd.com
Carter Perez,29,carter.perez@example.com,123 Co.,Hiking,http://www.123co.com
Riley Turner,35,riley.turner@example.com,456 Enterprises,Photography,http://www.456enterprises.com
Mason Harris,31,mason.harris@example.com,789 Inc.,Traveling,http://www.789inc.com
Charlotte Green,38,charlotte.green@example.com,Acme Corp.,Painting,http://www.acmecorp.com
Lucas Hill,26,lucas.hill@example.com,Smith & Sons,Fishing,http://www.smithandsons.com
Lily Young,42,lily.young@example.com,Miller Co.,Skiing,http://www.millerco.com
Oliver Rivera,30,oliver.rivera@example.com,Jones Enterprises,Playing soccer,http://www.jonesenterprises.com
Amelia Allen,34,amelia.allen@example.com,Johnson Inc.,Reading,http://www.johnsoninc.com
Evelyn Wright,28,evelyn.wright@example.com,ABC Enterprises,Running,http://www.abcenterprises.com
Logan Lee,36,logan.lee@example.com,XYZ Corporation,Cooking,http://www.xyzcorp.com
Jackson Perez,32,jackson.perez@example.com,123 Industries,Hiking,http://www.123industries.com
Avery Turner,39,avery.turner@example.com,456 Co.,Photography,http://www.456co.com
Madison Harris,25,madison.harris@example.com,789 Group,Traveling,http://www.789group.com
Ethan Green,43,ethan.green@example.com,Acme Enterprises,Painting,http://www.acmeenterprises.com
Scarlett Hill,31,scarlett.hill@example.com,Smith Inc.,Reading,http://www.smithinc.com
Noah Young,37,noah.young@example.com,Miller Corporation,Running,http://www.millercorp.com
Abigail Rivera,29,abigail.rivera@example.com,Jones Co.,Skiing,http://www.jonesco.com
Elijah Allen,30,elijah.allen@example.com,Johnson Enterprises,Hiking,http://www.johnsonenterprises.com
Grace Wright,34,grace.wright@example.com,ABC Ltd.,Painting,http://www.abcltd.com
Isabella Lee,28,isabella.lee@example.com,XYZ Co.,Reading,http://www.xyzco.com
Liam Perez,33,liam.perez@example.com,123 Enterprises,Cooking,http://www.123enterprises.com
Ava Turner,29,ava.turner@example.com,456 Group,Traveling,http://www.456group.com
Noah Harris,35,noah.harris@example.com,789 Corporation,Photography,http://www.789corp.com
Emma Green,31,emma.green@example.com,Acme Industries,Skiing,http://www.acmeindustries.com
Charlotte Hill,37,charlotte.hill@example.com,Smith Inc.,Hiking,http://www.smithinc.com
Mason Young,32,mason.young@example.com,Miller Corporation,Traveling,http://www.millercorp.com
Sophia Rivera,26,sophia.rivera@example.com,Jones Co.,Cooking,http://www.jonesco.com
William Allen,38,william.allen@example.com,Johnson Group,Painting,http://www.johnsongroup.com
Emily Wright,27,emily.wright@example.com,ABC Inc.,Reading,http://www.abcinc.com
Ethan Lee,36,ethan.lee@example.com,XYZ Ltd.,Cooking,http://www.xyzltd.com
Olivia Perez,25,olivia.perez@example.com,123 Co.,Traveling,http://www.123co.com
James Turner,39,james.turner@example.com,456 Enterprises,Photography,http://www.456enterprises.com
Madison Harris,30,madison.harris@example.com,789 Inc.,Hiking,http://www.789inc.com
Aiden Green,34,aiden.green@example.com,Acme Corp.,Skiing,http://www.acmecorp.com
Avery Hill,28,avery.hill@example.com,Smith & Sons,Painting,http://www.smithandsons.com
Chloe Young,35,chloe.young@example.com,Miller Co.,Reading,http://www.millerco.com
Logan Rivera,31,logan.rivera@example.com,Jones Enterprises,Traveling,http://www.jonesenterprises.com
Ella Allen,27,ella.allen@example.com,Johnson Inc.,Cooking,http://www.johnsoninc.com
Jackson Wright,33,jackson.wright@example.com,ABC Enterprises,Reading,http://www.abcenterprises.com
Lily Lee,29,lily.lee@example.com,XYZ Corporation,Hiking,http://www.xyzcorp.com
Lucas Perez,35,lucas.perez@example.com,123 Industries,Photography,http://www.123industries.com
Ava Turner,30,ava.turner@example.com,456 Co.,Traveling,http://www.456co.com
Noah Harris,36,noah.harris@example.com,789 Group,Cooking,http://www.789group.com
Emma Green,32,emma.green@example.com,Acme Enterprises,Photography,http://www.acmeenterprises.com
Olivia Hill,28,olivia.hill@example.com,Smith Inc.,Skiing,http://www.smithinc.com
Mason Young,34,mason.young@example.com,Miller Corporation,Hiking,http://www.millercorp.com
Sophia Rivera,26,sophia.rivera@example.com,Jones Co.,Reading,http://www.jonesco.com
William Allen,38,william.allen@example.com,Johnson Enterprises,Cooking,http://www.johnsonenterprises.com
Ethan Wright,27,ethan.wright@example.com,ABC Ltd.,Traveling,http://www.abcltd.com
Avery Lee,31,avery.lee@example.com,XYZ Co.,Photography,http://www.xyzco.com
Chloe Perez,29,chloe.perez@example.com,123 Enterprises,Hiking,http://www.123enterprises.com
James Turner,35,james.turner@example.com,456 Group,Reading,http://www.456group.com
Madison Harris,33,madison.harris@example.com,789 Corporation,Cooking,http://www.789corp.com
Logan Green,30,logan.green@example.com,Acme Industries,Photography,http://www.acmeindustries.com
Ella Hill,26,ella.hill@example.com,Smith & Sons,Skiing,http://www.smithandsons.com
Isabella Rodriguez,28,isabella.rodriguez@example.com,Miller Co.,Reading,http://www.millerco.com
Ethan Martinez,33,ethan.martinez@example.com,Jones Corporation,Hiking,http://www.jonescorp.com
Sophia Turner,29,sophia.turner@example.com,Johnson Enterprises,Photography,http://www.johnsonenterprises.com
Liam Smith,35,liam.smith@example.com,ABC Ltd.,Cooking,http://www.abcltd.com
Olivia Davis,31,olivia.davis@example.com,XYZ Co.,Traveling,http://www.xyzco.com
Ella Brown,37,ella.brown@example.com,123 Industries,Reading,http://www.123industries.com
Noah Wilson,26,noah.wilson@example.com,456 Group,Hiking,http://www.456group.com
Emma Clark,30,emma.clark@example.com,789 Corporation,Painting,http://www.789corp.com
Liam Thompson,34,liam.thompson@example.com,Acme Enterprises,Traveling,http://www.acmeenterprises.com
Ava Lee,32,ava.lee@example.com,Smith Inc.,Cooking,http://www.smithinc.com
Elijah Baker,29,elijah.baker@example.com,Maple Enterprises,Hiking,http://www.mapleenterprises.com
Avery Foster,31,avery.foster@example.com,Sunrise Corporation,Reading,http://www.sunrisecorporation.com
Grace Sullivan,28,grace.sullivan@example.com,Oceanic Co.,Cooking,http://www.oceanicco.com
Caleb Cooper,33,caleb.cooper@example.com,Summit Group,Photography,http://www.summitgroup.com
Ella Peterson,27,ella.peterson@example.com,Starlight Inc.,Traveling,http://www.starlightinc.com
Nathan Howard,35,nathan.howard@example.com,Bluebird Enterprises,Cycling,http://www.bluebirdenterprises.com
Sophie Mitchell,30,sophie.mitchell@example.com,Riverfront Corporation,Painting,http://www.riverfrontcorp.com
Owen Roberts,32,owen.roberts@example.com,Golden Co.,Running,http://www.goldenco.com
Lily Coleman,26,lily.coleman@example.com,Moonbeam Group,Gardening,http://www.moonbeamgroup.com
Ethan Gray,34,ethan.gray@example.com,Silverline Enterprises,Fishing,http://www.silverlineenterprises.com
Ella Reed,29,ella.reed@example.com,Greenfield Corporation,Reading,http://www.greenfieldcorp.com
Isaac Stewart,31,isaac.stewart@example.com,Windward Co.,Hiking,http://www.windwardco.com
Charlotte Foster,27,charlotte.foster@example.com,Hilltop Inc.,Cooking,http://www.hilltopinc.com
Oliver Turner,33,oliver.turner@example.com,Stellar Enterprises,Photography,http://www.stellarenterprises.com
Amelia Richards,28,amelia.richards@example.com,Summit Corporation,Traveling,http://www.summitcorp.com
Lucas Thompson,30,lucas.thompson@example.com,Harmony Co.,Painting,http://www.harmonyco.com
Ava Davis,32,ava.davis@example.com,Bluebird Group,Cycling,http://www.bluebirdgroup.com
Evelyn Parker,26,evelyn.parker@example.com,Starlight Corporation,Reading,http://www.starlightcorp.com
William Sanders,35,william.sanders@example.com,Sunrise Enterprises,Hiking,http://www.sunriseenterprises.com
Olivia Jenkins,29,olivia.jenkins@example.com,Mountain Enterprises,Traveling,http://www.mountainenterprises.com
Ethan Cooper,31,ethan.cooper@example.com,Seaside Corporation,Hiking,http://www.seasidecorp.com
Ava Reynolds,28,ava.reynolds@example.com,Sunrise Co.,Cooking,http://www.sunriseco.com
Jackson Martinez,33,jackson.martinez@example.com,Summit Enterprises,Photography,http://www.summitenterprises.com
Sophia Harrison,27,sophia.harrison@example.com,Starlight Group,Cycling,http://www.starlightgroup.com
Liam Mitchell,35,liam.mitchell@example.com,Riverfront Co.,Painting,http://www.riverfrontco.com
Isabella Peterson,30,isabella.peterson@example.com,Golden Corporation,Fishing,http://www.goldencorp.com
Mia Stewart,32,mia.stewart@example.com,Silverline Co.,Reading,http://www.silverlineco.com
Owen Coleman,26,owen.coleman@example.com,Moonbeam Enterprises,Hiking,http://www.moonbeamenterprises.com
Charlotte Gray,34,charlotte.gray@example.com,Greenfield Co.,Cooking,http://www.greenfieldco.com
Lucas Turner,29,lucas.turner@example.com,Windward Corporation,Running,http://www.windwardcorp.com
Emily Foster,31,emily.foster@example.com,Hilltop Enterprises,Hiking,http://www.hilltopenterprises.com
Oliver Richards,27,oliver.richards@example.com,Stellar Co.,Cooking,http://www.stellarco.com
Ella Parker,33,ella.parker@example.com,Summit Group,Photography,http://www.summitgroup.com
William Thompson,28,william.thompson@example.com,Harmony Corporation,Traveling,http://www.harmonycorp.com
Amelia Davis,30,amelia.davis@example.com,Bluebird Enterprises,Painting,http://www.bluebirdenterprises.com
Lucas Sanders,32,lucas.sanders@example.com,Mountain Co.,Cycling,http://www.mountainco.com
Evelyn Jenkins,26,evelyn.jenkins@example.com,Seaside Group,Reading,http://www.seasidegroup.com
Jackson Cooper,35,jackson.cooper@example.com,Sunrise Corporation,Hiking,http://www.sunrisecorporation.com
Sophia Reynolds,29,sophia.reynolds@example.com,Summit Enterprises,Photography,http://www.summitenterprises.com




